cliente_id,region,tipo_cliente,dispositivo,intentos_conexion,tiempo_conexion_ms
1,Oriente,Empresarial,PC,1,121.44244619933293
2,Occidente,Residencial,Móvil,3,152.32441555556588
3,Sur,Residencial,Móvil,12,157.7325762042825
4,Occidente,Empresarial,Móvil,1,112.74718273555126
5,Occidente,Empresarial,SmartTV,5,160.0252925173469
6,Norte,Residencial,PC,7,145.34222853525753
7,Sur,Residencial,Móvil,9,92.76577326367827
8,Sur,Residencial,Móvil,10,124.18844967661494
9,Sur,Residencial,Móvil,3,137.59183399735068
10,Occidente,Empresarial,PC,11,206.63062972020572
11,Oriente,Empresarial,PC,4,166.69659373601274
12,Sur,Empresarial,Móvil,1,109.93555292700326
13,Occidente,Residencial,Móvil,2,164.5810886825291
14,Norte,Residencial,Móvil,4,103.58088033184904
15,Oriente,Empresarial,PC,1,182.4807316166122
16,Norte,Empresarial,PC,3,135.86626044546364
17,Oriente,Residencial,Móvil,4,147.19091433782486
18,Occidente,Empresarial,Móvil,1,189.7738994262657
19,Centro,Empresarial,Móvil,3,111.38509294247251
20,Oriente,Residencial,SmartTV,5,108.08645444661026
21,Norte,Residencial,Móvil,2,132.49202020961985
22,Occidente,Residencial,PC,1,181.15136553057948
23,Oriente,Residencial,PC,1,104.41961773569473
24,Centro,Residencial,Móvil,2,65.03533205668293
25,Centro,Empresarial,Móvil,8,136.46523424773002
26,Sur,Residencial,Móvil,1,166.55222399732762
27,Sur,Residencial,PC,3,186.0078524921649
28,Norte,Residencial,PC,1,136.10515913743802
29,Oriente,Residencial,PC,2,137.65720178651992
30,Oriente,Empresarial,PC,6,184.61702202767242
31,Sur,Residencial,Móvil,4,93.90774900913738
32,Oriente,Residencial,SmartTV,1,138.34437674450973
33,Oriente,Empresarial,PC,2,155.71271669775174
34,Centro,Residencial,Móvil,1,163.47656163855103
35,Sur,Residencial,SmartTV,2,134.70579920427352
36,Occidente,Residencial,PC,4,151.03323035117523
37,Sur,Residencial,PC,1,75.35017939761032
38,Occidente,Residencial,PC,1,130.25254762998455
39,Centro,Residencial,Tablet,2,163.60526137663402
40,Norte,Residencial,PC,8,120.53117897235961
41,Oriente,Empresarial,Móvil,15,151.7695266476879
42,Centro,Residencial,Móvil,1,163.40617502408094
43,Oriente,Residencial,SmartTV,5,139.72352397426704
44,Norte,Residencial,Móvil,2,155.11391312989713
45,Norte,Residencial,Móvil,2,121.11802304146164
46,Centro,Residencial,Móvil,4,143.8016616091186
47,Norte,Residencial,Móvil,8,168.30648508767666
48,Occidente,Empresarial,PC,9,154.70918882905303
49,Norte,Residencial,SmartTV,3,132.40406191308193
50,Oriente,Residencial,Móvil,2,156.72649212872378
51,Oriente,Residencial,Móvil,5,171.43829371909854
52,Oriente,Empresarial,Móvil,1,88.50176164267566
53,Oriente,Residencial,Tablet,3,184.77222194867693
54,Occidente,Residencial,PC,2,139.91235783956785
55,Sur,Residencial,Móvil,3,162.7646979972069
56,Centro,Empresarial,Tablet,1,185.91740770935684
57,Oriente,Residencial,Tablet,1,108.84978908308602
58,Norte,Empresarial,Tablet,8,128.7167699271736
59,Oriente,Residencial,SmartTV,1,141.34353912372885
60,Norte,Residencial,Móvil,2,126.48739436626715
61,Norte,Residencial,PC,1,202.04809727510425
62,Oriente,Residencial,Móvil,1,124.29683718519621
63,Occidente,Residencial,Tablet,1,133.33359661539401
64,Norte,Residencial,PC,1,156.1316709480893
65,Norte,Empresarial,PC,6,113.93551421771733
66,Oriente,Residencial,PC,1,138.1295786473121
67,Norte,Residencial,Móvil,9,159.52359783750526
68,Norte,Residencial,PC,3,140.01418786852466
69,Oriente,Residencial,SmartTV,2,147.19839423300155
70,Oriente,Residencial,SmartTV,3,134.12003662654888
71,Centro,Residencial,Móvil,3,104.56589072457699
72,Occidente,Residencial,Móvil,4,159.64779634017717
73,Occidente,Empresarial,Móvil,1,202.64799214941723
74,Norte,Empresarial,PC,2,150.55204892350315
75,Occidente,Residencial,Tablet,7,156.7579235174265
76,Norte,Residencial,Móvil,9,170.78168265350578
77,Centro,Residencial,PC,7,111.92008510359904
78,Oriente,Residencial,Tablet,2,201.07543974388818
79,Oriente,Residencial,PC,5,156.06986389268405
80,Oriente,Residencial,PC,2,198.95570697267328
81,Occidente,Empresarial,PC,2,128.00901013428032
82,Centro,Residencial,PC,1,204.54185767673474
83,Occidente,Residencial,Móvil,3,173.2546648210435
84,Occidente,Residencial,PC,1,166.59120257557075
85,Centro,Residencial,PC,2,157.02073363059444
86,Centro,Residencial,Tablet,6,142.54414145776653
87,Centro,Residencial,PC,1,186.0159497542162
88,Centro,Residencial,PC,1,154.2107960954414
89,Oriente,Empresarial,Móvil,1,90.98790889238543
90,Sur,Residencial,Móvil,8,116.48440614878993
91,Sur,Residencial,Móvil,2,144.42462743421757
92,Centro,Residencial,Móvil,2,159.29996949496666
93,Sur,Residencial,PC,5,148.30234533300313
94,Sur,Residencial,SmartTV,6,186.5691236938099
95,Centro,Empresarial,Móvil,2,91.46694407884125
96,Sur,Empresarial,Móvil,4,154.3076380951548
97,Occidente,Empresarial,Tablet,5,95.46062323838535
98,Norte,Residencial,Móvil,3,172.79136886452505
99,Norte,Residencial,PC,1,147.1662385667399
100,Centro,Residencial,PC,6,162.58829916072355
101,Oriente,Residencial,PC,3,124.08351118230702
102,Centro,Empresarial,Móvil,1,188.38394794973254
103,Oriente,Residencial,Móvil,2,181.25173992176553
104,Norte,Residencial,PC,1,167.50632909035664
105,Centro,Residencial,PC,1,146.11448259409678
106,Occidente,Residencial,Móvil,5,167.39571855885396
107,Sur,Residencial,PC,1,128.79322296037952
108,Oriente,Residencial,Móvil,2,175.66666977062135
109,Sur,Residencial,PC,3,199.48442682971762
110,Sur,Empresarial,Móvil,1,182.11831679937558
111,Centro,Empresarial,SmartTV,11,128.11192590577772
112,Sur,Residencial,Móvil,1,160.8425195181931
113,Occidente,Residencial,Móvil,2,111.20575368724056
114,Sur,Residencial,Móvil,2,167.17170933527026
115,Centro,Residencial,Móvil,1,163.51810238587618
116,Occidente,Residencial,Tablet,1,93.90550981403507
117,Norte,Residencial,SmartTV,4,115.14648468262908
118,Sur,Residencial,Móvil,10,141.50583309768697
119,Centro,Residencial,Móvil,1,140.97420758577522
120,Norte,Residencial,PC,4,113.71569193743585
121,Norte,Residencial,Tablet,4,161.6693618805655
122,Oriente,Empresarial,PC,6,157.54420826821536
123,Occidente,Empresarial,Móvil,2,144.17192604064442
124,Sur,Residencial,Móvil,2,127.32625499524912
125,Centro,Empresarial,PC,2,181.4612137924969
126,Oriente,Residencial,Móvil,4,199.66221339264885
127,Occidente,Empresarial,PC,5,135.49315548460388
128,Oriente,Empresarial,Móvil,1,131.63499248535538
129,Occidente,Residencial,PC,2,164.7362299623599
130,Occidente,Residencial,Móvil,7,139.2591186075904
131,Sur,Residencial,PC,5,145.81808398010298
132,Occidente,Residencial,Móvil,12,172.18959455174013
133,Oriente,Residencial,PC,4,92.71931737478121
134,Occidente,Residencial,Móvil,2,189.54906974558008
135,Sur,Residencial,PC,3,152.18041572988025
136,Sur,Empresarial,PC,4,137.65520566313458
137,Oriente,Empresarial,PC,1,147.32297537335654
138,Norte,Residencial,PC,3,148.87288065061557
139,Norte,Residencial,PC,4,98.06396089665225
140,Occidente,Residencial,Tablet,1,194.84814682359706
141,Centro,Residencial,Móvil,5,151.23976896811854
142,Occidente,Empresarial,Tablet,3,163.29006391342125
143,Oriente,Residencial,Móvil,9,178.54649311722127
144,Oriente,Residencial,Móvil,1,119.365126273191
145,Oriente,Residencial,Móvil,1,164.20415697105685
146,Oriente,Residencial,Móvil,3,141.9707672730362
147,Oriente,Residencial,PC,1,175.4031232564948
148,Sur,Empresarial,PC,4,86.18317738945514
149,Norte,Residencial,PC,4,147.02717099276194
150,Oriente,Residencial,PC,1,131.91538032648114
151,Centro,Residencial,Móvil,3,162.96788851902465
152,Centro,Empresarial,Móvil,2,164.10132562104607
153,Centro,Empresarial,Móvil,2,128.77122315533921
154,Centro,Residencial,Móvil,8,128.6347840747187
155,Sur,Residencial,Móvil,5,146.68003894328012
156,Centro,Residencial,Móvil,4,123.10073318054376
157,Oriente,Residencial,PC,4,175.2595108635638
158,Occidente,Empresarial,PC,2,138.9237839865766
159,Centro,Residencial,SmartTV,8,62.790353420350755
160,Sur,Residencial,SmartTV,4,138.75533830134583
161,Sur,Residencial,PC,4,118.84368537468083
162,Centro,Residencial,Móvil,6,101.06172553617164
163,Occidente,Residencial,PC,1,112.87720085332282
164,Centro,Empresarial,PC,5,153.2822541549891
165,Sur,Residencial,Móvil,1,189.85922484744694
166,Norte,Residencial,Móvil,2,159.3955342159494
167,Oriente,Residencial,Tablet,2,131.80489835352782
168,Sur,Residencial,Móvil,11,163.6771258551211
169,Centro,Residencial,PC,6,136.22729069343023
170,Oriente,Residencial,PC,4,129.16198892510567
171,Centro,Empresarial,Móvil,4,115.36911995301047
172,Centro,Residencial,Móvil,3,97.44513579744842
173,Norte,Residencial,Móvil,9,138.30228880321664
174,Oriente,Residencial,Móvil,2,154.74160469760395
175,Oriente,Residencial,Móvil,2,147.1012898995533
176,Norte,Empresarial,Tablet,1,137.52099216157924
177,Sur,Empresarial,Móvil,5,121.62761817909657
178,Centro,Residencial,PC,4,168.24738575054906
179,Occidente,Residencial,Móvil,2,110.48604240160245
180,Centro,Residencial,SmartTV,1,173.28083741530426
181,Centro,Residencial,Móvil,6,119.93348943219826
182,Sur,Residencial,Móvil,1,127.42694287940895
183,Centro,Residencial,Tablet,4,105.99644428152969
184,Norte,Residencial,Tablet,10,134.9579355934309
185,Norte,Residencial,Móvil,2,179.25937375433938
186,Oriente,Empresarial,Tablet,1,165.4688426533187
187,Occidente,Residencial,Móvil,4,179.35266336084106
188,Centro,Residencial,Móvil,5,165.6642763780181
189,Centro,Empresarial,Móvil,3,116.88990514408891
190,Sur,Residencial,Móvil,10,140.07632327017328
191,Norte,Residencial,PC,1,126.59402612647612
192,Occidente,Residencial,Móvil,2,189.91724712117121
193,Oriente,Residencial,Móvil,4,114.09634060721066
194,Norte,Empresarial,PC,6,176.8109306816733
195,Oriente,Empresarial,PC,1,176.78861610326308
196,Sur,Residencial,Móvil,5,204.8886060514826
197,Sur,Residencial,PC,3,137.70940222111508
198,Centro,Residencial,Móvil,2,171.36966478740487
199,Occidente,Residencial,PC,1,218.44955509616528
200,Oriente,Residencial,PC,6,131.4707496919891
201,Norte,Empresarial,SmartTV,1,103.94879257402921
202,Sur,Residencial,Móvil,2,93.59969898276708
203,Centro,Empresarial,Móvil,1,171.38136086583995
204,Centro,Residencial,Móvil,6,93.5054937582425
205,Oriente,Residencial,Móvil,4,138.83042841186233
206,Sur,Residencial,Móvil,5,163.1193956111688
207,Occidente,Empresarial,SmartTV,1,155.5552661048974
208,Sur,Empresarial,Móvil,3,162.76334592552516
209,Oriente,Empresarial,Móvil,3,156.66869567402563
210,Oriente,Residencial,PC,6,188.3659743994018
211,Sur,Residencial,Móvil,7,121.4305085778361
212,Oriente,Empresarial,PC,1,129.69014584624406
213,Sur,Residencial,Móvil,4,126.82021664187528
214,Norte,Residencial,Móvil,1,174.90575435587832
215,Sur,Residencial,Móvil,3,177.0119576518519
216,Sur,Empresarial,Móvil,1,163.53675957955525
217,Oriente,Empresarial,SmartTV,2,185.50481000669782
218,Oriente,Residencial,Móvil,2,114.65877397870858
219,Centro,Empresarial,PC,3,200.01672334653412
220,Centro,Empresarial,Móvil,2,195.69715865136774
221,Norte,Residencial,Móvil,4,172.0686599173724
222,Centro,Residencial,Tablet,2,203.4539672631318
223,Sur,Empresarial,Móvil,1,100.30130376966679
224,Oriente,Residencial,PC,5,134.26655591212045
225,Centro,Residencial,SmartTV,1,127.94089617954143
226,Centro,Residencial,PC,2,171.6443797127203
227,Norte,Empresarial,SmartTV,4,118.49577781193562
228,Norte,Empresarial,Móvil,2,172.72485448012458
229,Sur,Empresarial,Móvil,1,191.1160843199014
230,Oriente,Residencial,Móvil,2,170.85608700251998
231,Norte,Empresarial,PC,9,158.51253070984504
232,Centro,Empresarial,SmartTV,3,120.36379977297753
233,Oriente,Residencial,Móvil,4,124.59447101623905
234,Oriente,Empresarial,PC,3,187.4885671589
235,Centro,Residencial,Móvil,1,173.38047011715997
236,Norte,Residencial,PC,2,148.82941441867368
237,Centro,Residencial,Móvil,4,137.46271362702328
238,Oriente,Residencial,SmartTV,1,89.22576380665869
239,Occidente,Residencial,PC,1,117.87442743946684
240,Occidente,Residencial,Móvil,1,207.3425726141917
241,Sur,Residencial,Móvil,2,111.586332869926
242,Centro,Empresarial,Móvil,12,155.68439463663242
243,Centro,Residencial,Móvil,1,180.22331919585596
244,Sur,Residencial,Móvil,3,112.35231995993124
245,Sur,Residencial,Tablet,1,155.5413142434325
246,Sur,Empresarial,PC,10,178.13746612531966
247,Oriente,Residencial,PC,1,150.37497965721752
248,Centro,Residencial,Móvil,2,236.05209167000305
249,Oriente,Empresarial,Tablet,4,99.94202223365414
250,Sur,Residencial,PC,4,181.76185589651635
251,Centro,Residencial,Móvil,2,144.81594787810607
252,Oriente,Residencial,PC,2,173.15760464510026
253,Oriente,Empresarial,PC,2,163.23921455097738
254,Sur,Residencial,Móvil,1,128.0053140867001
255,Centro,Empresarial,Móvil,1,156.8698917737802
256,Sur,Residencial,Móvil,2,94.26295645805138
257,Centro,Empresarial,Móvil,1,168.0974250171418
258,Occidente,Empresarial,SmartTV,1,158.94475397971576
259,Norte,Empresarial,Tablet,3,169.15980505929306
260,Norte,Residencial,PC,10,181.7435497526145
261,Norte,Empresarial,Móvil,3,161.02859520629133
262,Sur,Residencial,Móvil,1,154.4426825939483
263,Occidente,Residencial,PC,1,123.56794990016124
264,Centro,Residencial,PC,9,128.63337709052848
265,Oriente,Empresarial,Móvil,1,185.60203860531993
266,Centro,Empresarial,PC,1,193.09006217117934
267,Oriente,Empresarial,Tablet,3,142.8566869106384
268,Centro,Residencial,Móvil,3,151.38008241759823
269,Occidente,Residencial,Móvil,3,122.86156875018702
270,Oriente,Empresarial,PC,1,185.18270535802336
271,Sur,Residencial,Móvil,1,169.96250471075336
272,Centro,Residencial,Móvil,10,208.23652309391247
273,Centro,Residencial,Móvil,1,123.65030768460784
274,Oriente,Residencial,Móvil,4,138.65976302945347
275,Sur,Residencial,PC,4,156.94337767576718
276,Sur,Residencial,PC,3,169.3946861317731
277,Occidente,Residencial,Móvil,2,143.52997087357102
278,Sur,Residencial,Tablet,1,123.81116728638898
279,Sur,Empresarial,Tablet,3,176.44222586770712
280,Sur,Residencial,Tablet,6,171.63406087636744
281,Norte,Residencial,Móvil,9,122.51177698308825
282,Occidente,Residencial,Móvil,1,190.66328403316487
283,Centro,Residencial,SmartTV,1,185.1059612758981
284,Oriente,Empresarial,PC,9,154.02889491743377
285,Centro,Empresarial,Móvil,4,152.3879358712811
286,Occidente,Residencial,Móvil,7,166.62173313347722
287,Oriente,Residencial,Móvil,1,124.14890789231225
288,Occidente,Empresarial,SmartTV,3,150.90094437492246
289,Sur,Empresarial,PC,4,85.42849366172459
290,Oriente,Residencial,Móvil,4,176.29366936508808
291,Sur,Residencial,Móvil,2,103.15520332674421
292,Centro,Residencial,PC,1,195.10259485286997
293,Centro,Empresarial,Tablet,3,140.0963971810065
294,Oriente,Residencial,Móvil,1,143.6499905420647
295,Oriente,Empresarial,PC,2,131.16798281746483
296,Occidente,Residencial,SmartTV,9,141.3588337823377
297,Occidente,Residencial,Móvil,2,192.5559403544411
298,Sur,Residencial,PC,6,75.36574030394762
299,Oriente,Residencial,Móvil,1,188.30896158264562
300,Centro,Residencial,PC,4,160.14070443305124
301,Occidente,Residencial,PC,11,113.78935056428352
302,Occidente,Residencial,PC,1,117.74062820852286
303,Centro,Empresarial,PC,1,200.29179081624608
304,Occidente,Residencial,Móvil,2,121.63479360171806
305,Sur,Residencial,SmartTV,1,115.39948468212123
306,Oriente,Empresarial,PC,4,184.1194362709419
307,Centro,Empresarial,Móvil,7,160.15658628857742
308,Oriente,Empresarial,PC,2,121.86223270390803
309,Occidente,Empresarial,PC,1,156.49874926213857
310,Occidente,Residencial,Móvil,2,119.22741949079168
311,Centro,Residencial,Tablet,4,183.02464195267817
312,Sur,Empresarial,SmartTV,1,181.841128946194
313,Norte,Residencial,Móvil,3,165.9601859646583
314,Centro,Residencial,SmartTV,3,160.8498318374105
315,Norte,Empresarial,Móvil,3,202.83564374602122
316,Norte,Residencial,Móvil,1,149.99058982164675
317,Sur,Residencial,Móvil,4,114.54377623737597
318,Norte,Residencial,Tablet,1,163.4842173849692
319,Norte,Residencial,PC,1,212.5814114861134
320,Sur,Residencial,Móvil,6,119.55721520442444
321,Norte,Residencial,Móvil,4,139.15611699918043
322,Norte,Empresarial,PC,1,162.4933811430436
323,Norte,Residencial,Móvil,1,148.38285452982782
324,Centro,Residencial,Tablet,1,120.53089258868056
325,Centro,Empresarial,Tablet,1,183.6557356869141
326,Centro,Empresarial,PC,1,219.60122166051778
327,Sur,Empresarial,SmartTV,1,155.88394377071722
328,Occidente,Empresarial,Móvil,2,122.87795130792
329,Norte,Residencial,SmartTV,4,103.53118424839575
330,Norte,Residencial,PC,3,157.73927943663543
331,Sur,Residencial,PC,4,183.11632029948774
332,Norte,Residencial,Móvil,1,164.25503239486144
333,Centro,Residencial,Tablet,9,149.9278847724344
334,Occidente,Residencial,Móvil,6,132.3218504463208
335,Oriente,Empresarial,Móvil,5,117.23509101845731
336,Norte,Residencial,Móvil,5,175.04253978974646
337,Centro,Residencial,PC,8,177.41314864156757
338,Oriente,Residencial,PC,3,103.62810639927801
339,Occidente,Residencial,PC,1,197.6951693454205
340,Oriente,Residencial,Tablet,3,167.22213662682003
341,Centro,Empresarial,Móvil,4,191.98783935437382
342,Oriente,Residencial,PC,4,109.73616754544655
343,Sur,Residencial,Móvil,3,109.02527533753684
344,Oriente,Residencial,Tablet,1,145.53092070698108
345,Norte,Empresarial,Tablet,2,165.08353280685583
346,Norte,Residencial,PC,8,203.8908246878089
347,Sur,Residencial,PC,3,171.18236741445395
348,Centro,Residencial,Móvil,3,142.719561695639
349,Norte,Residencial,Móvil,1,119.20892377002323
350,Occidente,Empresarial,Tablet,2,186.9000171815745
351,Norte,Empresarial,Móvil,7,121.05883722747856
352,Norte,Residencial,Móvil,4,198.85405664316966
353,Centro,Empresarial,Móvil,5,141.46846051180472
354,Oriente,Empresarial,Tablet,2,197.71746217853553
355,Norte,Empresarial,Móvil,3,170.36793870177834
356,Sur,Empresarial,Móvil,1,145.89013531672626
357,Oriente,Residencial,PC,4,134.4181088452162
358,Occidente,Residencial,Tablet,2,139.7727636796176
359,Centro,Residencial,Móvil,2,162.8495007712571
360,Occidente,Empresarial,Móvil,3,152.3146948865315
361,Oriente,Residencial,Móvil,8,132.18565775793886
362,Oriente,Empresarial,Móvil,1,145.03105769047104
363,Oriente,Empresarial,Móvil,5,152.35731089157449
364,Occidente,Residencial,PC,1,86.13797716755565
365,Oriente,Empresarial,PC,2,163.74504344366096
366,Occidente,Residencial,PC,1,120.6083632584958
367,Oriente,Residencial,Móvil,2,115.40002790382765
368,Sur,Empresarial,Tablet,2,99.37966958667869
369,Oriente,Residencial,Móvil,1,96.18322506396329
370,Occidente,Empresarial,SmartTV,2,109.33657490663131
371,Norte,Empresarial,PC,8,128.72937127108528
372,Oriente,Residencial,Móvil,1,208.59777412579706
373,Norte,Residencial,PC,5,134.22360972314388
374,Sur,Residencial,Móvil,2,155.33250318804093
375,Centro,Residencial,PC,3,162.01444159518985
376,Sur,Empresarial,Móvil,1,153.93195558647545
377,Oriente,Residencial,Móvil,1,147.6766961782202
378,Norte,Residencial,Tablet,1,114.14118709202266
379,Norte,Residencial,Móvil,1,193.52782644837635
380,Occidente,Residencial,Tablet,1,204.21589930913655
381,Norte,Empresarial,Móvil,4,99.52023917631942
382,Occidente,Residencial,PC,6,119.27914227340861
383,Centro,Empresarial,PC,5,141.6056897286898
384,Oriente,Residencial,PC,4,121.06386615269426
385,Occidente,Empresarial,Móvil,1,165.17896660367595
386,Centro,Residencial,Móvil,1,128.15183392780162
387,Norte,Residencial,Móvil,2,214.9516820341981
388,Norte,Empresarial,Móvil,1,185.7164578303079
389,Centro,Residencial,PC,3,156.37722091896646
390,Norte,Empresarial,SmartTV,3,180.80958789959197
391,Centro,Residencial,Tablet,2,183.17701273071927
392,Occidente,Residencial,PC,2,133.0815753582527
393,Occidente,Residencial,PC,5,125.51348266374106
394,Centro,Empresarial,PC,5,152.34429188908942
395,Occidente,Residencial,Móvil,2,175.84908373493832
396,Occidente,Residencial,SmartTV,7,154.17181195960254
397,Occidente,Residencial,PC,9,102.69010553427009
398,Sur,Residencial,PC,2,125.91526668147473
399,Oriente,Residencial,Móvil,2,147.78081409216867
400,Norte,Empresarial,Móvil,2,147.7300318702251
401,Sur,Empresarial,Móvil,8,209.17626530369424
402,Occidente,Empresarial,Tablet,6,108.42036172803006
403,Centro,Empresarial,PC,1,165.16767725507623
404,Occidente,Residencial,Móvil,2,194.6733932498487
405,Oriente,Empresarial,SmartTV,3,218.14349236268387
406,Occidente,Residencial,Móvil,2,137.86807730448118
407,Centro,Residencial,Móvil,1,164.74288358160598
408,Oriente,Residencial,Móvil,6,167.09281071595942
409,Occidente,Residencial,PC,4,155.86445194659873
410,Oriente,Empresarial,SmartTV,6,147.0346439628208
411,Norte,Residencial,Móvil,6,163.07926168500137
412,Norte,Residencial,Tablet,4,74.03261744340944
413,Occidente,Residencial,Móvil,2,170.46208470187895
414,Oriente,Empresarial,SmartTV,3,153.78533710985903
415,Centro,Residencial,PC,1,143.32575309665205
416,Occidente,Residencial,Tablet,4,211.40586587158674
417,Norte,Residencial,Móvil,1,129.75197943628342
418,Norte,Empresarial,SmartTV,4,137.90772032804907
419,Occidente,Residencial,PC,1,209.746599066142
420,Oriente,Residencial,Móvil,1,125.0381608545043
421,Norte,Residencial,Tablet,1,133.49654151190384
422,Oriente,Residencial,Móvil,1,145.5892372970745
423,Norte,Residencial,Tablet,4,175.22203446388647
424,Norte,Residencial,Móvil,4,156.2340752205994
425,Sur,Empresarial,PC,3,111.22123958543213
426,Norte,Residencial,PC,1,134.0349431061843
427,Centro,Residencial,Móvil,1,131.77936700363367
428,Occidente,Empresarial,Móvil,1,147.68336864330863
429,Occidente,Residencial,Móvil,1,162.77530975889488
430,Oriente,Residencial,Móvil,7,162.54617267663917
431,Norte,Residencial,Móvil,1,96.71964737854793
432,Centro,Residencial,PC,2,181.91822962682568
433,Oriente,Empresarial,Móvil,1,157.5770653798987
434,Sur,Residencial,Móvil,1,191.5359614278172
435,Oriente,Empresarial,PC,3,163.32594981872015
436,Oriente,Residencial,Móvil,3,183.03968873207288
437,Norte,Residencial,SmartTV,1,163.9963593435038
438,Sur,Residencial,Tablet,1,190.38677268608245
439,Oriente,Residencial,PC,2,165.66751908053337
440,Centro,Residencial,PC,1,147.06254260671287
441,Centro,Empresarial,Tablet,1,218.17304161340644
442,Occidente,Residencial,Móvil,10,176.67111366839677
443,Sur,Empresarial,Móvil,3,167.21233263013238
444,Sur,Residencial,Móvil,3,111.71086750384993
445,Occidente,Empresarial,PC,2,111.35077147609387
446,Oriente,Empresarial,Móvil,2,158.7814644642556
447,Sur,Empresarial,PC,3,154.36563593304723
448,Centro,Empresarial,SmartTV,4,131.5763230497505
449,Centro,Empresarial,Tablet,4,154.2294809883618
450,Norte,Residencial,PC,1,197.65880784130786
451,Sur,Residencial,Móvil,2,170.86207423650896
452,Oriente,Residencial,Tablet,2,115.76974470741786
453,Occidente,Empresarial,PC,6,146.6547351857117
454,Occidente,Residencial,Móvil,3,125.85100557442317
455,Oriente,Empresarial,Móvil,3,138.36900250774318
456,Norte,Residencial,SmartTV,1,137.59153003111072
457,Occidente,Residencial,PC,3,135.67063252187984
458,Sur,Residencial,Tablet,1,112.34593884079815
459,Norte,Residencial,Tablet,2,146.1703595544543
460,Sur,Residencial,PC,1,133.1817708945807
461,Centro,Residencial,PC,4,62.11653929993196
462,Norte,Residencial,Móvil,1,211.5891607350499
463,Occidente,Residencial,Móvil,2,182.66308962650015
464,Norte,Residencial,Móvil,7,138.71097825225013
465,Norte,Residencial,PC,1,150.56457149221796
466,Norte,Empresarial,PC,2,114.85036958047314
467,Norte,Residencial,Tablet,2,200.87168633432594
468,Sur,Residencial,Móvil,1,206.91866084319335
469,Centro,Residencial,PC,5,154.70081184739573
470,Oriente,Residencial,PC,1,180.70591932556033
471,Norte,Residencial,PC,2,155.2586033680177
472,Occidente,Residencial,PC,3,109.89823683372208
473,Norte,Residencial,Móvil,3,137.64529893109028
474,Occidente,Residencial,PC,4,153.9578390031587
475,Sur,Residencial,Móvil,1,136.36356843769667
476,Occidente,Empresarial,Móvil,1,143.4404016769489
477,Oriente,Empresarial,Móvil,4,147.25801327472658
478,Centro,Residencial,PC,3,147.57364506403616
479,Occidente,Residencial,SmartTV,6,151.5677547149245
480,Occidente,Residencial,PC,5,118.18184800810198
481,Centro,Residencial,PC,6,128.4895155261619
482,Oriente,Empresarial,PC,2,111.46247202900092
483,Norte,Residencial,PC,2,179.334466490586
484,Occidente,Residencial,Móvil,5,86.83059174479027
485,Centro,Residencial,Móvil,2,184.60771029950777
486,Sur,Empresarial,Móvil,1,191.5904819178853
487,Centro,Residencial,Móvil,6,140.93458239052137
488,Sur,Residencial,Móvil,7,71.90588736518104
489,Oriente,Residencial,Móvil,2,139.1606831409813
490,Norte,Residencial,Móvil,1,148.0744751613354
491,Centro,Residencial,SmartTV,2,119.6820534021326
492,Occidente,Residencial,Móvil,5,134.5434481857527
493,Oriente,Residencial,Móvil,7,195.90585596590054
494,Centro,Residencial,Móvil,1,169.94781486905222
495,Occidente,Residencial,PC,1,122.263076568657
496,Centro,Residencial,Móvil,6,102.07202491213704
497,Sur,Residencial,Móvil,2,140.18948047170687
498,Centro,Residencial,PC,3,143.59629661948685
499,Centro,Empresarial,Móvil,10,164.8859756208995
500,Centro,Residencial,Móvil,1,133.94049862297024
501,Oriente,Residencial,Móvil,3,165.34498726085585
502,Centro,Residencial,Móvil,1,208.05462120180687
503,Occidente,Residencial,Móvil,2,174.46503067332787
504,Sur,Empresarial,Móvil,5,148.55734478007682
505,Sur,Residencial,Tablet,2,144.50548586840117
506,Centro,Empresarial,PC,17,139.29980597460386
507,Oriente,Residencial,PC,3,185.41922737356435
508,Oriente,Residencial,Móvil,2,131.18059662146092
509,Occidente,Empresarial,SmartTV,1,151.35668126999948
510,Centro,Empresarial,Móvil,2,151.53593705643257
511,Sur,Empresarial,Móvil,2,134.94647421565404
512,Oriente,Empresarial,PC,1,108.82603356347698
513,Centro,Residencial,Móvil,2,159.68923510853006
514,Oriente,Empresarial,Móvil,2,148.16988084433848
515,Oriente,Residencial,PC,4,165.0072140830971
516,Sur,Empresarial,Tablet,3,133.991990806825
517,Norte,Residencial,Móvil,4,186.62463896439144
518,Occidente,Empresarial,PC,1,123.69678656364465
519,Occidente,Residencial,SmartTV,1,201.36120852053676
520,Sur,Residencial,Móvil,4,97.57090470515215
521,Oriente,Residencial,Móvil,2,163.04310193670673
522,Centro,Empresarial,Móvil,1,164.2629204757987
523,Oriente,Residencial,Móvil,5,126.13328796177353
524,Sur,Residencial,Móvil,5,162.73181813583037
525,Occidente,Residencial,SmartTV,3,188.38556009280478
526,Oriente,Residencial,PC,1,83.49543481937806
527,Occidente,Empresarial,PC,5,165.08234422472444
528,Centro,Residencial,Móvil,3,75.20187539009767
529,Occidente,Empresarial,Tablet,5,121.03005589430376
530,Occidente,Residencial,SmartTV,4,198.87499094702835
531,Norte,Residencial,Tablet,5,132.5465389982384
532,Norte,Empresarial,Móvil,3,114.78360106773081
533,Norte,Residencial,PC,1,144.06186813045954
534,Occidente,Residencial,Móvil,4,212.03719014490656
535,Sur,Residencial,Móvil,3,95.04953258381921
536,Occidente,Empresarial,Móvil,4,118.46070265081967
537,Sur,Residencial,PC,1,194.9229504953888
538,Sur,Empresarial,PC,1,205.73107030613198
539,Norte,Empresarial,Móvil,7,146.89706327129147
540,Oriente,Residencial,Móvil,4,112.82841892420072
541,Centro,Residencial,Móvil,7,212.87530505427478
542,Norte,Residencial,Móvil,4,197.8332717524759
543,Norte,Residencial,Móvil,3,170.36840963286699
544,Oriente,Residencial,Móvil,3,125.6279295318774
545,Centro,Residencial,PC,7,148.52911977485888
546,Occidente,Residencial,Móvil,3,145.1891975686551
547,Occidente,Empresarial,Móvil,3,159.92553913846734
548,Norte,Empresarial,Móvil,1,193.53004314394008
549,Centro,Empresarial,SmartTV,2,176.3825112341221
550,Norte,Residencial,PC,4,117.67871769045726
551,Sur,Residencial,PC,1,191.29489350058614
552,Norte,Residencial,Móvil,1,159.39396420039466
553,Norte,Empresarial,PC,2,170.6119738757675
554,Occidente,Residencial,Móvil,1,193.99622577835808
555,Occidente,Empresarial,PC,1,116.65259251459347
556,Occidente,Residencial,SmartTV,2,148.9252326388061
557,Sur,Residencial,PC,7,134.05636345922355
558,Occidente,Empresarial,Tablet,2,102.96421723903632
559,Centro,Residencial,PC,1,160.4012993281476
560,Oriente,Empresarial,Móvil,1,225.3466965475327
561,Centro,Empresarial,SmartTV,4,94.79766766482742
562,Centro,Residencial,Móvil,2,149.03158166851588
563,Occidente,Residencial,PC,5,169.21628805224321
564,Oriente,Residencial,Móvil,4,153.69234604968543
565,Oriente,Empresarial,Móvil,5,146.6061584245278
566,Oriente,Residencial,Móvil,1,111.02350909662528
567,Sur,Residencial,Móvil,4,156.9836022882049
568,Occidente,Residencial,Móvil,1,127.2970806895222
569,Oriente,Empresarial,PC,8,84.3023488506434
570,Sur,Residencial,Móvil,3,185.8377666154119
571,Norte,Empresarial,Móvil,2,178.75157459526127
572,Norte,Empresarial,PC,1,151.5498293055324
573,Sur,Residencial,Móvil,1,156.87224064617106
574,Sur,Residencial,PC,4,182.22954038146685
575,Occidente,Empresarial,PC,1,156.7301897033425
576,Occidente,Residencial,Tablet,3,177.12052664283942
577,Norte,Empresarial,PC,1,141.0755339737845
578,Oriente,Residencial,Móvil,4,189.3595121572184
579,Norte,Residencial,PC,5,159.62357177798052
580,Oriente,Empresarial,Móvil,5,155.8215583081762
581,Oriente,Residencial,Móvil,5,111.89816733863904
582,Occidente,Residencial,PC,1,158.60867562905128
583,Centro,Residencial,Móvil,1,125.04135247516646
584,Centro,Residencial,PC,4,130.85151820414518
585,Sur,Residencial,Tablet,2,125.53873115051637
586,Occidente,Residencial,Tablet,2,118.01295204302325
587,Oriente,Empresarial,SmartTV,1,213.74314209050885
588,Centro,Residencial,Móvil,1,189.94017185965208
589,Oriente,Residencial,Móvil,1,207.61102506432783
590,Centro,Residencial,PC,6,113.3131494133331
591,Centro,Empresarial,Móvil,1,152.13761249732678
592,Centro,Residencial,PC,3,111.19477124387713
593,Occidente,Empresarial,PC,1,129.12915368408807
594,Norte,Residencial,PC,4,122.45619049750275
595,Oriente,Residencial,Móvil,2,187.18752019324685
596,Occidente,Residencial,Móvil,7,138.11310965694722
597,Occidente,Residencial,Móvil,7,182.05138001082048
598,Occidente,Residencial,Móvil,2,168.12362668765553
599,Occidente,Residencial,Tablet,7,219.10916256314368
600,Occidente,Empresarial,Móvil,16,105.61667330580828
601,Sur,Residencial,Móvil,5,187.77699719360396
602,Oriente,Residencial,Móvil,6,184.39322611202184
603,Occidente,Residencial,PC,1,120.79863485918897
604,Oriente,Empresarial,PC,3,180.21400009419477
605,Sur,Residencial,Móvil,1,160.08434889078686
606,Sur,Residencial,Móvil,1,143.17571220139777
607,Oriente,Residencial,Móvil,20,125.28193539084
608,Centro,Empresarial,Móvil,2,128.42671645652442
609,Norte,Residencial,PC,4,211.49436287357778
610,Centro,Residencial,PC,5,150.02048456872447
611,Centro,Empresarial,Móvil,6,173.46390004594377
612,Centro,Empresarial,Móvil,17,126.27301854997341
613,Occidente,Residencial,SmartTV,1,126.60441161335083
614,Sur,Empresarial,Móvil,1,182.45954427749825
615,Centro,Residencial,PC,2,109.51271365345403
616,Sur,Residencial,Móvil,1,137.54358696284186
617,Oriente,Residencial,Móvil,1,151.02082233216697
618,Norte,Residencial,Móvil,2,153.34117805520157
619,Oriente,Residencial,PC,5,144.62720144951533
620,Oriente,Empresarial,SmartTV,3,161.8745934328777
621,Occidente,Residencial,Móvil,2,170.78567267453434
622,Norte,Residencial,Móvil,3,172.0391263637799
623,Oriente,Residencial,Móvil,1,120.4258857399652
624,Oriente,Empresarial,Móvil,1,141.47534706213608
625,Norte,Residencial,Móvil,5,185.84288585630813
626,Norte,Residencial,Móvil,3,176.83941562721617
627,Oriente,Residencial,PC,5,108.81421645556807
628,Norte,Residencial,Móvil,1,160.54439701056606
629,Oriente,Empresarial,Móvil,6,90.65324251875569
630,Oriente,Empresarial,SmartTV,3,151.4080470618111
631,Occidente,Residencial,Móvil,3,206.93301050237932
632,Centro,Empresarial,SmartTV,3,121.56321848193042
633,Oriente,Residencial,Móvil,6,124.97030863525254
634,Sur,Empresarial,Tablet,3,172.9208934471858
635,Centro,Residencial,PC,3,103.71595454371062
636,Centro,Residencial,Tablet,14,131.01734910344882
637,Centro,Residencial,SmartTV,4,167.8932341274526
638,Occidente,Residencial,Móvil,2,130.97142456931792
639,Oriente,Residencial,SmartTV,4,142.92090038367084
640,Occidente,Residencial,Móvil,2,172.32557130945105
641,Oriente,Residencial,Móvil,1,162.64638250609684
642,Occidente,Empresarial,Móvil,3,158.00455188886207
643,Occidente,Residencial,PC,8,139.82633162189885
644,Sur,Residencial,Móvil,8,161.10183345806865
645,Occidente,Empresarial,PC,2,146.2880195970073
646,Norte,Residencial,PC,3,163.73416829777355
647,Sur,Residencial,PC,1,135.09203924646064
648,Occidente,Residencial,Tablet,16,144.52293076861378
649,Centro,Empresarial,Móvil,12,120.30126622343958
650,Norte,Residencial,Móvil,3,148.9497716998129
651,Norte,Residencial,Móvil,5,125.66997409113466
652,Norte,Empresarial,Móvil,4,116.5786064951402
653,Sur,Empresarial,Móvil,3,157.75983443566165
654,Occidente,Residencial,Móvil,1,156.3821932757298
655,Occidente,Residencial,Móvil,2,173.48621204845716
656,Centro,Residencial,SmartTV,4,137.06623291274704
657,Centro,Empresarial,PC,4,162.24158540510268
658,Norte,Residencial,Móvil,2,166.5239271682099
659,Centro,Residencial,PC,8,163.34321423494785
660,Sur,Empresarial,Móvil,1,125.23038951593574
661,Occidente,Residencial,Móvil,2,154.48090446813566
662,Norte,Residencial,PC,4,160.92420888163983
663,Centro,Residencial,Móvil,4,150.21535400723826
664,Sur,Residencial,Móvil,3,87.40567024886747
665,Sur,Residencial,SmartTV,1,154.8146887192044
666,Centro,Residencial,Tablet,1,216.37593118191728
667,Occidente,Residencial,PC,3,139.19882193729052
668,Centro,Residencial,PC,3,128.15768706434037
669,Norte,Empresarial,PC,1,161.20045679134194
670,Centro,Residencial,Móvil,4,159.37134631399715
671,Sur,Empresarial,Móvil,2,185.78205496249242
672,Centro,Residencial,Móvil,4,112.26395532273337
673,Occidente,Empresarial,Móvil,6,171.94140757724978
674,Oriente,Empresarial,PC,1,167.71266183754392
675,Centro,Residencial,Móvil,1,145.73560389178363
676,Occidente,Empresarial,SmartTV,5,160.1606195376507
677,Occidente,Empresarial,SmartTV,3,180.88372444795073
678,Sur,Residencial,PC,4,176.16946140085352
679,Occidente,Residencial,PC,6,115.70942063778814
680,Occidente,Residencial,Tablet,5,174.60474560266454
681,Occidente,Empresarial,Móvil,10,148.05934184902443
682,Occidente,Empresarial,PC,3,152.18622294046546
683,Norte,Empresarial,Móvil,2,152.19590973005083
684,Norte,Residencial,PC,2,145.4927103360522
685,Sur,Empresarial,Móvil,1,185.75122491321196
686,Centro,Residencial,Tablet,3,147.48846120452365
687,Occidente,Residencial,SmartTV,1,116.41361614850494
688,Centro,Residencial,Móvil,8,138.19410432090814
689,Centro,Residencial,Móvil,3,155.36084150431427
690,Sur,Residencial,SmartTV,3,186.87644352891152
691,Occidente,Residencial,Móvil,2,168.092840548465
692,Occidente,Residencial,Tablet,1,124.48394163758869
693,Oriente,Residencial,PC,1,224.55569750036676
694,Centro,Residencial,Móvil,2,157.94325932933938
695,Centro,Residencial,Móvil,1,188.26172213997046
696,Norte,Residencial,Móvil,3,145.44856699268314
697,Oriente,Residencial,PC,6,166.00077734116348
698,Norte,Residencial,Móvil,7,175.18405513555214
699,Norte,Residencial,PC,4,186.5458413526277
700,Norte,Residencial,Móvil,1,181.72104916134674
701,Sur,Residencial,PC,6,176.16591000218932
702,Sur,Residencial,Tablet,7,140.54739806417675
703,Norte,Residencial,SmartTV,1,132.84761874131817
704,Oriente,Empresarial,Móvil,4,159.97822530972593
705,Centro,Residencial,Tablet,1,177.99384217023209
706,Oriente,Residencial,PC,5,143.31837897670178
707,Occidente,Residencial,PC,17,181.9551589714316
708,Sur,Residencial,SmartTV,1,193.57850236458538
709,Centro,Residencial,Móvil,7,122.5103724277974
710,Centro,Residencial,Móvil,3,124.8923788861116
711,Occidente,Residencial,Tablet,11,145.7887482328399
712,Occidente,Residencial,Móvil,2,159.2283800456759
713,Norte,Residencial,Tablet,6,134.26298958698848
714,Sur,Empresarial,Tablet,1,190.56608036601432
715,Sur,Empresarial,Móvil,2,162.72200584555353
716,Oriente,Empresarial,Tablet,1,151.1834114472222
717,Norte,Empresarial,Móvil,11,106.92271428394417
718,Norte,Residencial,PC,5,110.52552550717479
719,Norte,Residencial,PC,6,158.4302775084542
720,Norte,Residencial,SmartTV,8,86.0221312153549
721,Sur,Residencial,Móvil,1,180.37912228932214
722,Sur,Empresarial,Móvil,2,145.2553846688304
723,Norte,Residencial,PC,1,247.29278908784198
724,Oriente,Empresarial,PC,1,219.2374875184833
725,Centro,Residencial,PC,1,144.5565279225745
726,Centro,Empresarial,Móvil,2,146.80988992406054
727,Oriente,Residencial,Móvil,1,179.8674454200609
728,Norte,Residencial,Móvil,1,201.09517829754114
729,Sur,Residencial,Tablet,1,100.8591282769195
730,Centro,Residencial,Móvil,1,96.40873603935941
731,Occidente,Residencial,Móvil,11,131.33895583336857
732,Occidente,Residencial,SmartTV,4,167.48212749521593
733,Oriente,Empresarial,Móvil,10,164.9062077152279
734,Norte,Residencial,SmartTV,2,182.0931436495155
735,Centro,Residencial,PC,1,114.00907414904076
736,Norte,Residencial,Tablet,5,80.5156841109337
737,Centro,Empresarial,Móvil,2,175.74042585906437
738,Oriente,Residencial,Móvil,1,125.15411181104297
739,Oriente,Residencial,PC,1,89.44536406834087
740,Occidente,Residencial,Tablet,1,154.35191237878144
741,Norte,Residencial,PC,1,173.7952706465603
742,Occidente,Residencial,Móvil,2,146.3382860363617
743,Norte,Residencial,PC,4,136.26454841452534
744,Occidente,Residencial,PC,1,145.2191330356228
745,Sur,Empresarial,PC,1,138.8825171279765
746,Sur,Residencial,PC,5,109.55858664179499
747,Sur,Residencial,Tablet,1,128.55957969028705
748,Sur,Residencial,PC,2,165.63839715041445
749,Centro,Empresarial,Móvil,6,159.65035624129501
750,Sur,Residencial,Móvil,1,155.0417941790046
751,Oriente,Empresarial,Móvil,1,120.14554554439862
752,Oriente,Residencial,Móvil,2,144.55490513593
753,Centro,Residencial,Móvil,2,84.68804860671436
754,Sur,Residencial,Móvil,3,155.3542999165617
755,Sur,Empresarial,Móvil,5,192.865731234407
756,Sur,Residencial,Móvil,1,105.77603603873683
757,Occidente,Empresarial,Tablet,3,132.42216980046734
758,Norte,Empresarial,SmartTV,2,159.8732033613039
759,Occidente,Residencial,Móvil,1,187.5852790328245
760,Norte,Residencial,SmartTV,3,136.55326151099553
761,Sur,Residencial,PC,1,129.2324901220231
762,Sur,Residencial,Móvil,2,90.9323057275175
763,Occidente,Empresarial,Móvil,1,153.1031438792432
764,Occidente,Empresarial,PC,2,211.26228120431233
765,Norte,Residencial,PC,2,158.32075385894026
766,Oriente,Residencial,PC,5,149.3316306244886
767,Norte,Empresarial,Móvil,1,159.66246932300956
768,Occidente,Residencial,Móvil,2,149.66723988154195
769,Occidente,Empresarial,Móvil,2,125.6095688321961
770,Centro,Residencial,Móvil,4,174.69839747033114
771,Occidente,Residencial,Móvil,3,156.77284569335262
772,Centro,Residencial,Móvil,4,150.52839755800971
773,Oriente,Residencial,Tablet,5,120.73901918165251
774,Norte,Residencial,SmartTV,6,189.10523795804278
775,Norte,Residencial,Móvil,2,169.9410823599933
776,Centro,Residencial,SmartTV,3,133.41237487898093
777,Norte,Empresarial,Móvil,6,180.05474561045813
778,Occidente,Empresarial,Móvil,13,135.07287484844377
779,Sur,Residencial,Móvil,7,126.5398952246689
780,Centro,Residencial,PC,2,127.20890647559139
781,Norte,Residencial,SmartTV,1,96.86794340735727
782,Centro,Residencial,PC,2,164.14627141254618
783,Centro,Residencial,Móvil,4,95.0656536498495
784,Sur,Residencial,PC,2,113.14668506202713
785,Occidente,Residencial,Móvil,2,87.732359727644
786,Centro,Residencial,Tablet,6,147.41790921627322
787,Norte,Residencial,PC,2,145.49038619184384
788,Oriente,Residencial,Móvil,6,140.1991136044091
789,Centro,Empresarial,PC,2,118.72266915988271
790,Centro,Residencial,PC,2,114.83298739690079
791,Sur,Residencial,Móvil,2,163.93109590639722
792,Occidente,Residencial,PC,5,133.48344204874536
793,Oriente,Residencial,Móvil,1,159.49074964608434
794,Norte,Empresarial,PC,1,123.44253941627332
795,Oriente,Residencial,Tablet,9,155.43188228313247
796,Norte,Empresarial,Tablet,1,189.09834111948192
797,Occidente,Residencial,PC,3,167.58497401178352
798,Norte,Residencial,PC,3,137.6275854535056
799,Sur,Empresarial,Móvil,2,157.71596911067783
800,Sur,Residencial,PC,3,142.78004476409362
801,Sur,Residencial,Móvil,1,150.23640554084184
802,Sur,Residencial,Móvil,3,140.2316684355449
803,Oriente,Residencial,Móvil,2,145.06994382343825
804,Occidente,Empresarial,Móvil,4,156.36280059222526
805,Norte,Residencial,PC,1,120.19923901254148
806,Norte,Residencial,Móvil,3,119.52363519030065
807,Sur,Residencial,PC,1,108.34372338506367
808,Sur,Residencial,Móvil,1,101.9918668648887
809,Centro,Residencial,Móvil,1,113.48151923338563
810,Occidente,Residencial,PC,1,154.7838752041239
811,Oriente,Residencial,Móvil,5,123.21637453524347
812,Norte,Empresarial,Móvil,1,165.4084339269329
813,Centro,Residencial,PC,8,151.04141246257686
814,Centro,Residencial,Móvil,10,90.94487359685839
815,Norte,Empresarial,Tablet,3,169.6492675266507
816,Oriente,Residencial,Móvil,1,174.32395936775129
817,Centro,Residencial,Móvil,2,120.1841197549544
818,Centro,Residencial,PC,5,162.60574628684975
819,Occidente,Residencial,Móvil,2,124.30505287772402
820,Oriente,Residencial,Móvil,1,152.93011130245006
821,Centro,Empresarial,Móvil,3,112.06504779135103
822,Oriente,Residencial,Móvil,6,96.20680642396269
823,Norte,Residencial,Tablet,5,138.51548431161095
824,Sur,Empresarial,Móvil,1,146.28813161175492
825,Centro,Residencial,PC,4,138.06960919156188
826,Occidente,Residencial,Tablet,1,114.47908325332321
827,Norte,Residencial,Móvil,1,138.0030281360659
828,Oriente,Empresarial,SmartTV,6,158.07884257742202
829,Norte,Residencial,Móvil,1,148.65320909632388
830,Centro,Residencial,SmartTV,1,155.4750309179764
831,Oriente,Residencial,Móvil,1,129.89654398637302
832,Sur,Residencial,PC,6,185.15153744148478
833,Norte,Residencial,Móvil,5,114.71479990335658
834,Centro,Residencial,Móvil,3,164.62680891260155
835,Occidente,Empresarial,PC,4,185.45673278879883
836,Oriente,Residencial,PC,1,164.42724278246686
837,Norte,Residencial,Móvil,2,143.9242731880551
838,Norte,Empresarial,Móvil,2,134.15108860011063
839,Sur,Empresarial,PC,1,181.08262953138768
840,Sur,Residencial,PC,2,107.31075224214982
841,Occidente,Residencial,SmartTV,8,120.8962721886107
842,Occidente,Residencial,PC,1,138.07326703524836
843,Centro,Empresarial,SmartTV,1,187.12961272535995
844,Centro,Empresarial,PC,1,161.39302908122687
845,Occidente,Residencial,Móvil,1,120.95862724469264
846,Occidente,Empresarial,Móvil,7,140.6907688384529
847,Oriente,Residencial,PC,2,131.57030567711118
848,Sur,Residencial,PC,2,128.70633023299393
849,Centro,Residencial,Móvil,5,179.36668675670336
850,Sur,Empresarial,Móvil,1,108.84770612209483
851,Sur,Residencial,SmartTV,2,198.2634256720312
852,Occidente,Empresarial,PC,2,174.84689070553867
853,Oriente,Empresarial,Móvil,3,182.72585011811094
854,Norte,Empresarial,Móvil,22,136.11181463924225
855,Oriente,Residencial,Móvil,5,145.50177842762673
856,Oriente,Residencial,Móvil,2,107.00544556425865
857,Sur,Residencial,Móvil,5,134.2601277879959
858,Oriente,Residencial,Móvil,1,164.80964542929453
859,Centro,Residencial,PC,1,188.88189185344189
860,Sur,Empresarial,Móvil,1,116.78529549592645
861,Centro,Residencial,Tablet,2,139.03482189044203
862,Norte,Residencial,Tablet,3,145.46102339302433
863,Sur,Residencial,Móvil,3,108.12632393422544
864,Norte,Residencial,PC,7,167.74047725275202
865,Sur,Residencial,Móvil,2,128.28029004772173
866,Occidente,Residencial,Tablet,2,144.13828946468928
867,Oriente,Empresarial,Móvil,1,136.44151884264366
868,Occidente,Residencial,PC,1,126.31984482840977
869,Norte,Empresarial,PC,3,149.78865043558335
870,Oriente,Empresarial,Móvil,2,143.53171264295932
871,Sur,Residencial,Móvil,6,138.84426353164002
872,Oriente,Empresarial,PC,1,128.14615134958973
873,Centro,Residencial,PC,1,159.58574012348868
874,Oriente,Empresarial,Móvil,2,199.60851805476855
875,Centro,Residencial,PC,1,154.19661698517382
876,Oriente,Empresarial,Móvil,1,179.88354644733386
877,Centro,Empresarial,PC,4,108.29334224539612
878,Norte,Empresarial,Móvil,1,154.73284317881308
879,Occidente,Empresarial,Tablet,3,117.078950430868
880,Sur,Residencial,Móvil,1,105.69225217404295
881,Oriente,Residencial,Móvil,1,127.81885777622891
882,Occidente,Residencial,Móvil,2,185.75698003240717
883,Sur,Residencial,Móvil,5,178.50047486008935
884,Sur,Residencial,PC,2,157.290141661632
885,Centro,Residencial,Móvil,4,104.01898320330207
886,Norte,Empresarial,Tablet,1,144.11158045836189
887,Norte,Residencial,Móvil,5,159.05100026705207
888,Occidente,Empresarial,Móvil,1,155.26608688735794
889,Norte,Residencial,Móvil,4,94.68619249557763
890,Oriente,Empresarial,Móvil,3,123.29046455940384
891,Norte,Empresarial,Móvil,8,148.0776670755385
892,Occidente,Residencial,Móvil,2,166.0887272855157
893,Norte,Residencial,Móvil,1,84.11616536700161
894,Oriente,Empresarial,Móvil,1,145.13628073560426
895,Centro,Residencial,PC,5,154.29146309636857
896,Occidente,Residencial,PC,3,175.4883596554864
897,Centro,Residencial,Móvil,5,170.7857275271231
898,Centro,Residencial,Móvil,1,167.47713956426415
899,Centro,Residencial,SmartTV,2,126.00178479894197
900,Sur,Residencial,PC,1,92.75993588630078
901,Sur,Residencial,PC,10,138.20841728815796
902,Centro,Residencial,Móvil,4,180.0489547562568
903,Occidente,Empresarial,PC,8,191.80363582573295
904,Oriente,Residencial,PC,1,171.31647306893356
905,Oriente,Empresarial,PC,3,162.88022468405202
906,Norte,Residencial,SmartTV,4,161.38918945157897
907,Occidente,Residencial,Móvil,2,133.3164375971766
908,Sur,Residencial,Móvil,6,146.0981911933914
909,Centro,Residencial,PC,9,200.07208577478994
910,Norte,Residencial,Tablet,7,121.72325982624372
911,Oriente,Residencial,Móvil,4,198.44336372129555
912,Sur,Residencial,Móvil,1,140.33915536523824
913,Sur,Residencial,Móvil,1,189.76296327285235
914,Centro,Residencial,Móvil,10,107.79554971507386
915,Oriente,Residencial,PC,1,167.57712603493948
916,Occidente,Residencial,PC,4,127.89689592157134
917,Sur,Empresarial,Móvil,4,107.54198424227437
918,Centro,Residencial,Móvil,3,156.55602127232837
919,Occidente,Residencial,Móvil,13,180.28415365787907
920,Oriente,Empresarial,Móvil,2,124.65175684219511
921,Sur,Residencial,PC,2,105.02952118624796
922,Occidente,Residencial,SmartTV,1,147.24465706995136
923,Occidente,Empresarial,Tablet,2,147.37694013668457
924,Occidente,Residencial,Móvil,1,166.44958882663497
925,Sur,Residencial,Tablet,2,178.48783714093466
926,Sur,Residencial,PC,6,148.21754456182518
927,Norte,Residencial,PC,8,205.6650994438279
928,Oriente,Residencial,Móvil,1,156.72704233605876
929,Centro,Residencial,Móvil,2,139.60720481979303
930,Occidente,Residencial,Móvil,8,101.65297922691516
931,Norte,Residencial,Móvil,1,142.12021439051497
932,Centro,Empresarial,Móvil,1,139.90839163766591
933,Norte,Empresarial,Móvil,1,178.8091438884441
934,Sur,Residencial,Móvil,3,163.87450872200563
935,Occidente,Residencial,PC,1,114.61892635102149
936,Centro,Residencial,Móvil,10,155.16763159233113
937,Centro,Residencial,Móvil,2,170.1459351518716
938,Centro,Residencial,SmartTV,2,195.84094078163497
939,Centro,Residencial,SmartTV,1,176.62511902242179
940,Centro,Empresarial,PC,2,172.82539962934433
941,Norte,Residencial,SmartTV,4,151.8025798384549
942,Occidente,Residencial,PC,4,161.6493601627035
943,Sur,Residencial,SmartTV,4,187.48514702118476
944,Sur,Residencial,Móvil,3,110.01667807561051
945,Sur,Empresarial,Móvil,7,139.51682018349132
946,Sur,Empresarial,Móvil,5,126.82293753731278
947,Norte,Empresarial,Móvil,4,161.3745935617837
948,Oriente,Residencial,Móvil,1,186.90666526952361
949,Occidente,Residencial,PC,1,132.0907713983678
950,Centro,Residencial,PC,1,78.29086897591687
951,Oriente,Residencial,PC,4,137.6333776492659
952,Sur,Residencial,Móvil,2,177.4042119605222
953,Oriente,Empresarial,Tablet,2,166.1288970884964
954,Occidente,Residencial,PC,7,162.84558743431728
955,Centro,Residencial,Móvil,7,141.6002009437656
956,Centro,Residencial,PC,7,111.6290779134064
957,Occidente,Residencial,Móvil,2,165.45882964873402
958,Occidente,Residencial,Móvil,4,124.97154569896125
959,Sur,Empresarial,SmartTV,1,215.52290200141368
960,Centro,Empresarial,Móvil,1,167.11521625063548
961,Oriente,Empresarial,Móvil,1,132.58055092338148
962,Norte,Residencial,Tablet,2,131.65844257834115
963,Norte,Residencial,PC,2,147.21167380159235
964,Occidente,Residencial,Móvil,5,142.8149423393475
965,Sur,Residencial,Móvil,1,183.50501326589864
966,Norte,Empresarial,Móvil,4,155.5924850923214
967,Centro,Residencial,PC,3,128.05104783274416
968,Occidente,Residencial,Móvil,1,206.71322055467348
969,Oriente,Residencial,Móvil,2,151.47924994560668
970,Occidente,Residencial,SmartTV,1,173.0651902790669
971,Oriente,Empresarial,PC,3,131.7532047766572
972,Occidente,Residencial,Móvil,2,160.8934688323357
973,Occidente,Residencial,PC,1,159.33329973429585
974,Occidente,Residencial,PC,1,93.31052123711541
975,Oriente,Residencial,Móvil,3,210.4582533138192
976,Oriente,Empresarial,Móvil,7,188.71933382767642
977,Occidente,Empresarial,Tablet,2,138.08414051562036
978,Norte,Empresarial,Móvil,4,116.93190778632433
979,Sur,Empresarial,PC,4,160.42684841410656
980,Sur,Residencial,Móvil,8,152.6009309824319
981,Sur,Residencial,Móvil,5,160.67006845689687
982,Oriente,Residencial,Móvil,3,155.74732188582269
983,Oriente,Residencial,Móvil,4,165.1872296791778
984,Norte,Empresarial,Móvil,7,193.4191709817542
985,Sur,Residencial,Móvil,2,167.04309615385938
986,Sur,Empresarial,Tablet,2,118.51033503270176
987,Occidente,Residencial,SmartTV,1,190.87688558137356
988,Oriente,Residencial,PC,5,199.21843690464863
989,Sur,Residencial,Tablet,5,244.56170203536254
990,Norte,Empresarial,Móvil,1,116.29517900281206
991,Norte,Residencial,SmartTV,3,157.28646039450825
992,Sur,Residencial,Móvil,2,87.53703890433039
993,Oriente,Residencial,SmartTV,1,166.59447469137626
994,Norte,Residencial,SmartTV,12,133.55399105499683
995,Occidente,Residencial,PC,1,207.7033738447486
996,Norte,Empresarial,SmartTV,1,126.76155089944254
997,Centro,Residencial,PC,3,99.32450886098215
998,Centro,Residencial,Móvil,4,135.8620877789244
999,Oriente,Residencial,Móvil,1,90.73536686348588
1000,Sur,Residencial,PC,4,172.5329836352193
